{"cameraMode":{"drawMode":0,"name":"Shaded","section":"Shading Mode"},"sceneLighting":true,"audioPlay":false,"sceneViewState":{"showFog":false,"showMaterialUpdate":false,"showSkybox":false,"showFlares":false,"showImageEffects":false,"showParticleSystems":false},"in2DMode":false,"pivot":{"x":0.8631730079650879,"y":0.16353127360343934,"z":22.170116424560548},"rotation":{"x":-0.33413445949554446,"y":-0.6151984333992004,"z":0.3227069675922394,"w":-0.6369867920875549},"size":20.960060119628908,"orthographic":false}