{"cameraMode":{"drawMode":0,"name":"Shaded","section":"Shading Mode"},"sceneLighting":true,"audioPlay":false,"sceneViewState":{"showFog":false,"showMaterialUpdate":false,"showSkybox":false,"showFlares":false,"showImageEffects":false,"showParticleSystems":false},"in2DMode":false,"pivot":{"x":-21.235904693603517,"y":5.64933967590332,"z":-1.402003288269043},"rotation":{"x":-0.20156864821910859,"y":-0.3152240812778473,"z":0.06870472431182862,"w":-0.9248176217079163},"size":2.9099130630493166,"orthographic":false}